﻿{
    "new": [
        {
            "img": "http://localhost:3000/img/hot3.jpg",
            "text": "Liquid Image 338 运动摄像眼镜",
            "uName": "苏亚",
            "sTime": "2016-2-28"
        },
        {
            "img": "http://localhost:3000/img/hot4.jpg",
            "text": "巴慕达 The Toaster 烤面包机",
            "uName": "爱猫",
            "sTime": "2016-2-28"
        },
        {
            "img": "http://localhost:3000/img/hot5.jpg",
            "text": "Osprey小鹰户外运动专业腰包",
            "uName": "亚亚",
            "sTime": "2016-2-28"
        },
        {
            "img": "http://localhost:3000/img/hot6.jpg",
            "text": "空气净化器里面学问多得惊呆你，你选对了吗？",
            "uName": "楠楠",
            "sTime": "2016-2-28"
        },
        {
            "img": "http://localhost:3000/img/hot1.jpg",
            "text": "怎么骑都不会累的智能自行车：云马 C1试骑体验",
            "uName": "长安",
            "sTime": "2016-2-27"
        },
        {
            "img": "http://localhost:3000/img/hot2.jpg",
            "text": "声音不是最优秀，但它形音完美的结合，足够打动人心",
            "uName": "兔子",
            "sTime": "2016-2-27"
        },
        {
            "img": "http://localhost:3000/img/hot7.jpg",
            "text": "风光大片信手拈来！vivo X6Plus不只是快，还是一台拍照利器",
            "uName": "兔子",
            "sTime": "2016-2-25"
        },
        {
            "img": "http://localhost:3000/img/hot8.jpg",
            "text": "到底有没有完美的iPhone手机配件，答案都在这里",
            "uName": "长安",
            "sTime": "2016-2-24"
        },
        {
            "img": "http://localhost:3000/img/g3.jpg",
            "text": "Liquid Image 338 运动摄像眼镜",
            "uName": "猫眼",
            "sTime": "2016-2-22"
        },
        {
            "img": "http://localhost:3000/img/g4.jpg",
            "text": "巴慕达 The Toaster 烤面包机",
            "uName": "猫眼",
            "sTime": "2016-2-21"
        },
        {
            "img": "http://localhost:3000/img/g1.jpg",
            "text": "Osprey小鹰户外运动专业腰包",
            "uName": "猫眼",
            "sTime": "2016-2-20"
        },
        {
            "img": "http://localhost:3000/img/g2.jpg",
            "text": "空气净化器里面学问多得惊呆你，你选对了吗？",
            "uName": "苏亚",
            "sTime": "2016-2-19"
        },
        {
            "img": "http://localhost:3000/img/k1.jpg",
            "text": "怎么骑都不会累的智能自行车：云马 C1试骑体验",
            "uName": "苏亚",
            "sTime": "2016-2-19"
        }
    ],
    "hot": [
        {
            "img": "http://localhost:3000/img/k2.jpg",
            "text": "声音不是最优秀，但它形音完美的结合，足够打动人心",
            "uName": "土豆",
            "sTime": "2016-1-28"
        },
        {
            "img": "http://localhost:3000/img/k4.jpg",
            "text": "风光大片信手拈来！vivo X6Plus不只是快，还是一台拍照利器",
            "uName": "土豆",
            "sTime": "2016-1-27"
        },
        {
            "img": "http://localhost:3000/img/k3.jpg",
            "text": "到底有没有完美的iPhone手机配件，答案都在这里",
            "uName": "土豆",
            "sTime": "2016-1-26"
        },
        {
            "img": "http://localhost:3000/img/re3.jpg",
            "text": "Liquid Image 338 运动摄像眼镜",
            "uName": "打酱油",
            "sTime": "2016-1-24"
        },
        {
            "img": "http://localhost:3000/img/re4.jpg",
            "text": "巴慕达 The Toaster 烤面包机",
            "uName": "打酱油",
            "sTime": "2016-1-23"
        },
        {
            "img": "http://localhost:3000/img/re1.jpg",
            "text": "Osprey小鹰户外运动专业腰包",
            "uName": "打酱油",
            "sTime": "2016-1-22"
        },
        {
            "img": "http://localhost:3000/img/re2.jpg",
            "text": "空气净化器里面学问多得惊呆你，你选对了吗？",
            "uName": "青豆",
            "sTime": "2016-1-22"
        },
        {
            "img": "http://localhost:3000/img/hot12.jpg",
            "text": "怎么骑都不会累的智能自行车：云马 C1试骑体验",
            "uName": "青豆",
            "sTime": "2016-1-22"
        },
        {
            "img": "http://localhost:3000/img/hot9.jpg",
            "text": "声音不是最优秀，但它形音完美的结合，足够打动人心",
            "uName": "青豆",
            "sTime": "2016-1-21"
        },
        {
            "img": "http://localhost:3000/img/hot10.jpg",
            "text": "风光大片信手拈来！vivo X6Plus不只是快，还是一台拍照利器",
            "uName": "青豆",
            "sTime": "2016-1-21"
        },
        {
            "img": "http://localhost:3000/img/hot11.jpg",
            "text": "到底有没有完美的iPhone手机配件，答案都在这里",
            "uName": "青豆",
            "sTime": "2016-1-21"
        },
        {
            "img": "http://localhost:3000/img/k1.jpg",
            "text": "Liquid Image 338 运动摄像眼镜",
            "uName": "灯塔",
            "sTime": "2016-1-20"
        },
        {
            "img": "http://localhost:3000/img/k3.jpg",
            "text": "巴慕达 The Toaster 烤面包机",
            "uName": "灯塔",
            "sTime": "2016-1-20"
        },
        {
            "img": "http://localhost:3000/img/g1.jpg",
            "text": "Osprey小鹰户外运动专业腰包",
            "uName": "灯塔",
            "sTime": "2016-1-20"
        },
        {
            "img": "http://localhost:3000/img/g3.jpg",
            "text": "空气净化器里面学问多得惊呆你，你选对了吗？",
            "uName": "灯塔",
            "sTime": "2016-1-19"
        },
        {
            "img": "http://localhost:3000/img/hot1.jpg",
            "text": "怎么骑都不会累的智能自行车：云马 C1试骑体验",
            "uName": "苏亚",
            "sTime": "2016-1-18"
        },
        {
            "img": "http://localhost:3000/img/hot5.jpg",
            "text": "声音不是最优秀，但它形音完美的结合，足够打动人心",
            "uName": "苏亚",
            "sTime": "2016-1-18"
        },
        {
            "img": "http://localhost:3000/img/hot7.jpg",
            "text": "风光大片信手拈来！vivo X6Plus不只是快，还是一台拍照利器",
            "uName": "苏亚",
            "sTime": "2016-1-17"
        },
        {
            "img": "http://localhost:3000/img/hot2.jpg",
            "text": "到底有没有完美的iPhone手机配件，答案都在这里",
            "uName": "苏亚",
            "sTime": "2016-1-16"
        }
    ]
}