﻿[
    [
        {
            "img": "http://localhost:3000/img/g1.jpg",
            "text": "Osprey小鹰户外运动专业腰包"
        },
        {
            "img": "http://localhost:3000/img/g2.jpg",
            "text": "空气净化器里面学问多得惊呆你，你选对了吗？"
        },
        {
            "img": "http://localhost:3000/img/g3.jpg",
            "text": "Liquid Image 338 运动摄像眼镜"
        },
        {
            "img": "http://localhost:3000/img/g4.jpg",
            "text": "巴慕达 The Toaster 烤面包机"
        },
        {
            "img": "http://localhost:3000/img/k1.jpg",
            "text": "怎么骑都不会累的智能自行车：云马 C1试骑体验"
        },
        {
            "img": "http://localhost:3000/img/k2.jpg",
            "text": "声音不是最优秀，但它形音完美的结合，足够打动人心"
        },
        {
            "img": "http://localhost:3000/img/k4.jpg",
            "text": "风光大片信手拈来！vivo X6Plus不只是快"
        },
        {
            "img": "http://localhost:3000/img/k3.jpg",
            "text": "到底有没有完美的iPhone手机配件，答案都在这里"
        }
    ],
    [
        {
            "img": "http://localhost:3000/img/hot3.jpg",
            "text": "Liquid Image 338 运动摄像眼镜"
        },
        {
            "img": "http://localhost:3000/img/hot4.jpg",
            "text": "巴慕达 The Toaster 烤面包机"
        },
        {
            "img": "http://localhost:3000/img/hot5.jpg",
            "text": "Osprey小鹰户外运动专业腰包"
        },
        {
            "img": "http://localhost:3000/img/hot6.jpg",
            "text": "空气净化器里面学问多得惊呆你，你选对了吗？"
        },
        {
            "img": "http://localhost:3000/img/hot1.jpg",
            "text": "怎么骑都不会累的智能自行车：云马 C1试骑体验"
        },
        {
            "img": "http://localhost:3000/img/hot2.jpg",
            "text": "声音不是最优秀，但它形音完美的结合，足够打动人心"
        },
        {
            "img": "http://localhost:3000/img/hot7.jpg",
            "text": "风光大片信手拈来！vivo X6Plus不只是快"
        },
        {
            "img": "http://localhost:3000/img/hot8.jpg",
            "text": "到底有没有完美的iPhone手机配件，答案都在这里"
        }
    ],
    [
        {
            "img": "http://localhost:3000/img/re3.jpg",
            "text": "Liquid Image 338 运动摄像眼镜"
        },
        {
            "img": "http://localhost:3000/img/re4.jpg",
            "text": "巴慕达 The Toaster 烤面包机"
        },
        {
            "img": "http://localhost:3000/img/re1.jpg",
            "text": "Osprey小鹰户外运动专业腰包"
        },
        {
            "img": "http://localhost:3000/img/re2.jpg",
            "text": "空气净化器里面学问多得惊呆你，你选对了吗？"
        },
        {
            "img": "http://localhost:3000/img/hot12.jpg",
            "text": "怎么骑都不会累的智能自行车：云马 C1试骑体验"
        },
        {
            "img": "http://localhost:3000/img/hot9.jpg",
            "text": "声音不是最优秀，但它形音完美的结合，足够打动人心"
        },
        {
            "img": "http://localhost:3000/img/hot10.jpg",
            "text": "风光大片信手拈来！vivo X6Plus不只是快"
        },
        {
            "img": "http://localhost:3000/img/hot11.jpg",
            "text": "到底有没有完美的iPhone手机配件，答案都在这里"
        }
    ],
    [
        {
            "img": "http://localhost:3000/img/k1.jpg",
            "text": "Liquid Image 338 运动摄像眼镜"
        },
        {
            "img": "http://localhost:3000/img/k3.jpg",
            "text": "巴慕达 The Toaster 烤面包机"
        },
        {
            "img": "http://localhost:3000/img/g1.jpg",
            "text": "Osprey小鹰户外运动专业腰包"
        },
        {
            "img": "http://localhost:3000/img/g3.jpg",
            "text": "空气净化器里面学问多得惊呆你，你选对了吗？"
        },
        {
            "img": "http://localhost:3000/img/hot1.jpg",
            "text": "怎么骑都不会累的智能自行车：云马 C1试骑体验"
        },
        {
            "img": "http://localhost:3000/img/hot5.jpg",
            "text": "声音不是最优秀，但它形音完美的结合，足够打动人心"
        },
        {
            "img": "http://localhost:3000/img/hot7.jpg",
            "text": "风光大片信手拈来！vivo X6Plus不只是快"
        },
        {
            "img": "http://localhost:3000/img/hot2.jpg",
            "text": "到底有没有完美的iPhone手机配件，答案都在这里"
        }
    ]
]